1	KAT8	protein
2	NR1H3	protein
3	PSMB3	protein
4	EIF6	protein
5	ENO2	protein
6	H2AW	protein
7	FBXW11	protein
8	RPL26L1	protein
9	POLR1B	protein
10	AR	protein
11	ORC6	protein
12	MIR34A	protein
13	ADRB2	protein
14	FBL	protein
15	ATXN3	protein
16	HYAL4	protein
17	LIPG	protein
18	MIR145	protein
19	TSG101	protein
20	SUMO1	protein
21	WWOX	protein
22	AGO2	protein
23	THBS1	protein
24	NUP160	protein
25	POLD2	protein
26	LMO7	protein
27	GOLGA2	protein
28	BACE2	protein
29	EGFR	protein
30	COX6C	protein
31	MAPK7	protein
32	CCNT1	protein
33	IRF5	protein
34	DPYSL2	protein
35	F2R	protein
36	FLI1	protein
37	MIR214	protein
38	CTBP1	protein
39	SENP2	protein
40	PSMD3	protein
41	AMBRA1	protein
42	LARS1	protein
43	IL6ST	protein
44	ARHGEF2	protein
45	AURKA	protein
46	BABAM2	protein
47	WDR36	protein
48	GATA3	protein
49	S100A1	protein
50	WT1	protein
51	ATXN7	protein
52	IL5	protein
53	IL12RB2	protein
54	COX14	protein
55	NTRK1	protein
56	NEFH	protein
57	SKIL	protein
58	SGPP1	protein
59	EDEM1	protein
60	SIRT1	protein
61	SLC4A1	protein
62	PGR	protein
63	ZNF746	protein
64	HDAC5	protein
65	PIK3R1	protein
66	NCBP1	protein
67	SMURF1	protein
68	PPP1CB	protein
69	SEC13	protein
70	ATP2B2	protein
71	TRADD	protein
72	PGAM5	protein
73	TARDBP	protein
74	UIMC1	protein
75	ICAM1	protein
76	LSM1	protein
77	UBE2E2	protein
78	FGF2	protein
79	EEF1A1	protein
80	RPS6KB1	protein
81	MTAP	protein
82	CTH	protein
83	ZNF7	protein
84	PSMA2	protein
85	MIR1-2	protein
86	MDM4	protein
87	PIK3C2A	protein
88	KAT6A	protein
89	MRPL18	protein
90	MAGOH	protein
91	SNRNP70	protein
92	WDR5	protein
93	SMARCA4	protein
94	CFTR	protein
95	NDUFS3	protein
96	IFIT1	protein
97	YWHAG	protein
98	GADD45A	protein
99	CCND1	protein
100	NUP133	protein
101	NOTCH1	protein
102	ABRAXAS1	protein
103	MTNR1A	protein
104	IFNAR1	protein
105	DAGLB	protein
106	ERCC3	protein
107	TK1	protein
108	GNG11	protein
109	FADS2	protein
110	STAT5A	protein
111	CPSF4	protein
112	SLK	protein
113	POLE2	protein
114	SMARCB1	protein
115	LCAT	protein
116	LCK	protein
117	ACSL4	protein
118	RPL7A	protein
119	YAP1	protein
120	CAPN1	protein
121	RPL23	protein
122	NCOR1	protein
123	IL10RA	protein
124	PRKN	protein
125	RPL18A	protein
126	H2AX	protein
127	IFNA8	protein
128	FBXW7	protein
129	RPL11	protein
130	PCNA	protein
131	CAV1	protein
132	CCL7	protein
133	ATXN1	protein
134	PSMC3	protein
135	SIRT7	protein
136	NUP58	protein
137	ZBTB16	protein
138	NDUFB9	protein
139	ARHGEF6	protein
140	PDHA1	protein
141	PRNP	protein
142	PSMF1	protein
143	TRAF6	protein
144	UBE2A	protein
145	RALBP1	protein
146	FGB	protein
147	KEAP1	protein
148	GSK3A	protein
149	PPP3CA	protein
150	CASP1	protein
151	NUP205	protein
152	PIK3R2	protein
153	NFKBIE	protein
154	EIF5	protein
155	ERP29	protein
156	CYLD	protein
157	NCK1	protein
158	COL4A2	protein
159	NEDD4	protein
160	ELAVL1	protein
161	TTN	protein
162	EIF3G	protein
163	MIR107	protein
164	POLR2A	protein
165	CUL5	protein
166	TADA3	protein
167	OGT	protein
168	DOCK8	protein
169	LMNA	protein
170	ARHGAP10	protein
171	GIT2	protein
172	TJP2	protein
173	CASP7	protein
174	SNRPD3	protein
175	IST1	protein
176	DET1	protein
177	MAPK14	protein
178	ABAT	protein
179	MCM3	protein
180	AK1	protein
181	DDX20	protein
182	PC	protein
183	MIRLET7I	protein
184	PCGF2	protein
185	RAD21	protein
186	GNB3	protein
187	DGCR8	protein
188	FBXO6	protein
189	NF2	protein
190	BCAP31	protein
191	ZNF324B	protein
192	TCOF1	protein
193	PSMC4	protein
194	MIR25	protein
195	GALK1	protein
196	RPA2	protein
197	GDF5	protein
198	RAD23A	protein
199	SRSF3	protein
200	ARHGEF7	protein
201	ATP5MF	protein
202	MPHOSPH8	protein
203	CLK1	protein
204	CD247	protein
205	GTPBP4	protein
206	MIR222	protein
207	NFATC2	protein
208	ESR1	protein
209	CHMP2A	protein
210	RXRA	protein
211	YWHAH	protein
212	IGF2R	protein
213	SOS1	protein
214	LAPTM5	protein
215	MCM8	protein
216	HACD1	protein
217	HNRNPUL1	protein
218	GNB1	protein
219	SMN1	protein
220	DNMT1	protein
221	SUMO3	protein
222	ZYX	protein
223	WDR82	protein
224	ATP1B3	protein
225	MT-ND2	protein
226	ZNF431	protein
227	USP14	protein
228	TNFRSF21	protein
229	PLOD1	protein
230	AMOTL2	protein
231	GPX4	protein
232	IFNGR1	protein
233	JAK2	protein
234	TRA2B	protein
235	PRDX6	protein
236	DUSP3	protein
237	EIF4A1	protein
238	NCOA1	protein
239	TWISTNB	protein
240	CD81	protein
241	PIK3C3	protein
242	GSTM2	protein
243	EZH2	protein
244	SEC22B	protein
245	AKR1C2	protein
246	CDC42	protein
247	RPIA	protein
248	CDC25B	protein
249	SNRPG	protein
250	STAT5B	protein
251	NSF	protein
252	RAB4A	protein
253	CRY1	protein
254	LSM3	protein
255	MIR15A	protein
256	H2BC13	protein
257	BLM	protein
258	RBL2	protein
259	AP2M1	protein
260	S100B	protein
261	EPHB3	protein
262	CUL4B	protein
263	PDCD4	protein
264	CASP3	protein
265	BLNK	protein
266	ISG15	protein
267	PML	protein
268	GNS	protein
269	COASY	protein
270	CDK6	protein
271	NXF1	protein
272	GTF2I	protein
273	ABL1	protein
274	CHEK1	protein
275	IL1B	protein
276	GMPPB	protein
277	RPA3	protein
278	AXIN1	protein
279	FOXO3	protein
280	BAG1	protein
281	SMG7	protein
282	H4C6	protein
283	ASAH1	protein
284	BAD	protein
285	GOT1	protein
286	H3-4	protein
287	CLU	protein
288	PDE3B	protein
289	PSMC5	protein
290	PDGFRB	protein
291	JAM3	protein
292	MCM5	protein
293	U2SURP	protein
294	NDRG1	protein
295	AQP2	protein
296	NR1H4	protein
297	DCLRE1C	protein
298	PPP1CA	protein
299	CEP97	protein
300	TNFRSF1A	protein
301	SNAP25	protein
302	GGA1	protein
303	MRPL20	protein
304	CDK1	protein
305	FLOT2	protein
306	PSMB9	protein
307	NR3C1	protein
308	MATR3	protein
309	NDUFB10	protein
310	PLAU	protein
311	DLG4	protein
312	HEATR1	protein
313	SSR1	protein
314	KRT10	protein
315	PPID	protein
316	GGH	protein
317	FANCL	protein
318	BARD1	protein
319	TUBG1	protein
320	RACK1	protein
321	PHLPP1	protein
322	PSMD4	protein
323	GPD1	protein
324	VCAM1	protein
325	POLD4	protein
326	XRCC6	protein
327	CCL2	protein
328	IKBKB	protein
329	RXRG	protein
330	AARS1	protein
331	PKM	protein
332	S100A9	protein
333	TUBB3	protein
334	HIF1A	protein
335	TUBA1C	protein
336	TRPM7	protein
337	BTRC	protein
338	CD38	protein
339	B2M	protein
340	GK	protein
341	YWHAB	protein
342	RPL37A	protein
343	MAPK8IP2	protein
344	TAF15	protein
345	GRIN2B	protein
346	NDUFA4	protein
347	CASP8	protein
348	PRKAR2B	protein
349	CAMKK2	protein
350	EXOC2	protein
351	RPS3A	protein
352	BUD31	protein
353	CTLA4	protein
354	NUP42	protein
355	CCR4	protein
356	IARS2	protein
357	LRP2	protein
358	EIF4E	protein
359	PWP2	protein
360	CREB1	protein
361	XRCC5	protein
362	ATG101	protein
363	CDKN1A	protein
364	ARPC4	protein
365	DAXX	protein
366	LIFR	protein
367	DNA2	protein
368	KIT	protein
369	FANCG	protein
370	THOC7	protein
371	SART1	protein
372	SLC9A3R1	protein
373	SIPA1L1	protein
374	POLR2I	protein
375	VAMP3	protein
376	ENO1	protein
377	PPP1R12C	protein
378	PDCL	protein
379	LPAR6	protein
380	BACE1	protein
381	VRK3	protein
382	CSNK2B	protein
383	TGFBR3	protein
384	NADK	protein
385	REV1	protein
386	SORL1	protein
387	UBE2T	protein
388	SAMHD1	protein
389	PTGER4	protein
390	CUL7	protein
391	MAFB	protein
392	BRCA1	protein
393	EFNB2	protein
394	RANBP1	protein
395	PSMD1	protein
396	YME1L1	protein
397	ASIC4	protein
398	PSMA1	protein
399	OS9	protein
400	MAP3K14	protein
401	EPN3	protein
402	NQO1	protein
403	ECH1	protein
404	SCLY	protein
405	MIR10B	protein
406	GNAI3	protein
407	MCM2	protein
408	COLGALT2	protein
409	SLC9A1	protein
410	PDHB	protein
411	PEX1	protein
412	CA4	protein
413	PPM1B	protein
414	ABCD1	protein
415	ARRB1	protein
416	PRPF19	protein
417	LAMP1	protein
418	GBP1	protein
419	SF3A1	protein
420	TAB1	protein
421	VCP	protein
422	RPL6	protein
423	SYCP3	protein
424	MYH11	protein
425	DDIT3	protein
426	GSK3B	protein
427	PHF1	protein
428	STX3	protein
429	HADHB	protein
430	TP53	protein
431	REL	protein
432	MIRLET7E	protein
433	MED17	protein
434	MAPK1	protein
435	PSMB2	protein
436	CERS6	protein
437	GNL3	protein
438	MAPK8IP3	protein
439	FHIT	protein
440	EWSR1	protein
441	SMARCAD1	protein
442	MIR15B	protein
443	SPTBN4	protein
444	SYVN1	protein
445	APOA1	protein
446	GPC4	protein
447	EDA2R	protein
448	BRD4	protein
449	PTGS2	protein
450	C1QB	protein
451	RAB35	protein
452	HGS	protein
453	SNW1	protein
454	CUL3	protein
455	CTNNB1	protein
456	PEX19	protein
457	HDAC2	protein
458	SLC9A6	protein
459	MAF	protein
460	FRS2	protein
461	HNF4G	protein
462	HUWE1	protein
463	MIR199A1	protein
464	HSPA5	protein
465	CCR3	protein
466	EP300	protein
467	PPP1R15A	protein
468	DAPK1	protein
469	PDIA3	protein
470	SLC15A1	protein
471	PPIF	protein
472	REXO2	protein
473	EDAR	protein
474	ATP6V1B1	protein
475	VDAC3	protein
476	PAFAH1B1	protein
477	KSR1	protein
478	RFC5	protein
479	CUL4A	protein
480	PTPN1	protein
481	ITGA4	protein
482	OSM	protein
483	BECN1	protein
484	CDC25C	protein
485	MRPL10	protein
486	MIR9-2	protein
487	UBE4B	protein
488	RFC4	protein
489	TBXA2R	protein
490	DAAM2	protein
491	DGUOK	protein
492	PIAS2	protein
493	MRPL23	protein
494	RXYLT1	protein
495	IL12B	protein
496	CPSF2	protein
497	DDIT4	protein
498	COX5A	protein
499	RFC1	protein
500	BIN1	protein
501	ATP1B1	protein
502	PAN2	protein
503	ATP13A2	protein
504	GLI1	protein
505	COX17	protein
506	TPSB2	protein
507	HNRNPA1	protein
508	SYMPK	protein
509	PYCARD	protein
510	GRK2	protein
511	THBS3	protein
512	MRPL2	protein
513	SIRT2	protein
514	TAF12	protein
515	FXYD1	protein
516	SERPINB13	protein
517	FOXM1	protein
518	MTOR	protein
519	HSP90AA1	protein
520	RAF1	protein
521	DDX42	protein
522	CDC37	protein
523	NFYC	protein
524	RPTOR	protein
525	HERC2	protein
526	HSPA8	protein
527	IFI16	protein
528	NXF2	protein
529	FUT1	protein
530	PARK7	protein
531	PSMA4	protein
532	ATF2	protein
533	ACTR2	protein
534	PSMD11	protein
535	RPA1	protein
536	MDM2	protein
537	GTSE1	protein
538	MECP2	protein
539	CREBBP	protein
540	PTPN11	protein
541	PAFAH1B3	protein
542	PAICS	protein
543	NCL	protein
544	DNAJB6	protein
545	SMC3	protein
546	THOC2	protein
547	EMD	protein
548	RPL7	protein
549	RAG1	protein
550	BIRC6	protein
551	MED4	protein
552	RHOC	protein
553	FN1	protein
554	KMT2E	protein
555	EPOR	protein
556	FARS2	protein
557	MIR7-2	protein
558	MAP3K12	protein
559	RPL10	protein
560	ATXN1L	protein
561	NRP1	protein
562	SH3GLB1	protein
563	SYNPO	protein
564	UNG	protein
565	ACKR3	protein
566	FOXO1	protein
567	BRCC3	protein
568	SFN	protein
569	LYPLA2	protein
570	COX4I1	protein
571	HOGA1	protein
572	RPL5	protein
573	MUS81	protein
574	MPV17	protein
575	TAF3	protein
576	PRKAR1A	protein
577	BAX	protein
578	ESPL1	protein
579	NUP98	protein
580	CPSF1	protein
581	MIRLET7G	protein
582	CEP164	protein
583	RPL13	protein
584	ACO2	protein
585	PAIP1	protein
586	MRPL4	protein
587	CAPN2	protein
588	MVD	protein
589	PSMB1	protein
590	CAPZB	protein
591	FES	protein
592	SCP2	protein
593	TAB2	protein
594	IDH1	protein
595	CD44	protein
596	SH3BP2	protein
597	REXO1	protein
598	SPTA1	protein
599	GNG5	protein
600	ANAPC4	protein
601	SMARCE1	protein
602	IL23A	protein
603	RPS6KA2	protein
604	PLK1	protein
605	IKBKG	protein
606	CSNK2A1	protein
607	DCAF1	protein
608	IPPK	protein
609	SKAP1	protein
610	STX8	protein
611	MANBA	protein
612	PSME3	protein
613	TP63	protein
614	MYLK2	protein
615	ARHGEF1	protein
616	EIF3F	protein
617	FBXL2	protein
618	SMAD4	protein
619	PPP1R12A	protein
620	GZMA	protein
621	NR3C2	protein
622	KAT8	rna
623	KAT8	dna
624	NR1H3	rna
625	NR1H3	dna
626	PSMB3	rna
627	PSMB3	dna
628	EIF6	rna
629	EIF6	dna
630	ENO2	rna
631	ENO2	dna
632	H2AW	rna
633	H2AW	dna
634	FBXW11	rna
635	FBXW11	dna
636	RPL26L1	rna
637	RPL26L1	dna
638	POLR1B	rna
639	POLR1B	dna
640	AR	rna
641	AR	dna
642	ORC6	rna
643	ORC6	dna
644	MIR34A	rna
645	MIR34A	dna
646	ADRB2	rna
647	ADRB2	dna
648	FBL	rna
649	FBL	dna
650	ATXN3	rna
651	ATXN3	dna
652	HYAL4	rna
653	HYAL4	dna
654	LIPG	rna
655	LIPG	dna
656	MIR145	rna
657	MIR145	dna
658	TSG101	rna
659	TSG101	dna
660	SUMO1	rna
661	SUMO1	dna
662	WWOX	rna
663	WWOX	dna
664	AGO2	rna
665	AGO2	dna
666	THBS1	rna
667	THBS1	dna
668	NUP160	rna
669	NUP160	dna
670	POLD2	rna
671	POLD2	dna
672	LMO7	rna
673	LMO7	dna
674	GOLGA2	rna
675	GOLGA2	dna
676	BACE2	rna
677	BACE2	dna
678	EGFR	rna
679	EGFR	dna
680	COX6C	rna
681	COX6C	dna
682	MAPK7	rna
683	MAPK7	dna
684	CCNT1	rna
685	CCNT1	dna
686	IRF5	rna
687	IRF5	dna
688	DPYSL2	rna
689	DPYSL2	dna
690	F2R	rna
691	F2R	dna
692	FLI1	rna
693	FLI1	dna
694	MIR214	rna
695	MIR214	dna
696	CTBP1	rna
697	CTBP1	dna
698	SENP2	rna
699	SENP2	dna
700	PSMD3	rna
701	PSMD3	dna
702	AMBRA1	rna
703	AMBRA1	dna
704	LARS1	rna
705	LARS1	dna
706	IL6ST	rna
707	IL6ST	dna
708	ARHGEF2	rna
709	ARHGEF2	dna
710	AURKA	rna
711	AURKA	dna
712	BABAM2	rna
713	BABAM2	dna
714	WDR36	rna
715	WDR36	dna
716	GATA3	rna
717	GATA3	dna
718	S100A1	rna
719	S100A1	dna
720	WT1	rna
721	WT1	dna
722	ATXN7	rna
723	ATXN7	dna
724	IL5	rna
725	IL5	dna
726	IL12RB2	rna
727	IL12RB2	dna
728	COX14	rna
729	COX14	dna
730	NTRK1	rna
731	NTRK1	dna
732	NEFH	rna
733	NEFH	dna
734	SKIL	rna
735	SKIL	dna
736	SGPP1	rna
737	SGPP1	dna
738	EDEM1	rna
739	EDEM1	dna
740	SIRT1	rna
741	SIRT1	dna
742	SLC4A1	rna
743	SLC4A1	dna
744	PGR	rna
745	PGR	dna
746	ZNF746	rna
747	ZNF746	dna
748	HDAC5	rna
749	HDAC5	dna
750	PIK3R1	rna
751	PIK3R1	dna
752	NCBP1	rna
753	NCBP1	dna
754	SMURF1	rna
755	SMURF1	dna
756	PPP1CB	rna
757	PPP1CB	dna
758	SEC13	rna
759	SEC13	dna
760	ATP2B2	rna
761	ATP2B2	dna
762	TRADD	rna
763	TRADD	dna
764	PGAM5	rna
765	PGAM5	dna
766	TARDBP	rna
767	TARDBP	dna
768	UIMC1	rna
769	UIMC1	dna
770	ICAM1	rna
771	ICAM1	dna
772	LSM1	rna
773	LSM1	dna
774	UBE2E2	rna
775	UBE2E2	dna
776	FGF2	rna
777	FGF2	dna
778	EEF1A1	rna
779	EEF1A1	dna
780	RPS6KB1	rna
781	RPS6KB1	dna
782	MTAP	rna
783	MTAP	dna
784	CTH	rna
785	CTH	dna
786	ZNF7	rna
787	ZNF7	dna
788	PSMA2	rna
789	PSMA2	dna
790	MIR1-2	rna
791	MIR1-2	dna
792	MDM4	rna
793	MDM4	dna
794	PIK3C2A	rna
795	PIK3C2A	dna
796	KAT6A	rna
797	KAT6A	dna
798	MRPL18	rna
799	MRPL18	dna
800	MAGOH	rna
801	MAGOH	dna
802	SNRNP70	rna
803	SNRNP70	dna
804	WDR5	rna
805	WDR5	dna
806	SMARCA4	rna
807	SMARCA4	dna
808	CFTR	rna
809	CFTR	dna
810	NDUFS3	rna
811	NDUFS3	dna
812	IFIT1	rna
813	IFIT1	dna
814	YWHAG	rna
815	YWHAG	dna
816	GADD45A	rna
817	GADD45A	dna
818	CCND1	rna
819	CCND1	dna
820	NUP133	rna
821	NUP133	dna
822	NOTCH1	rna
823	NOTCH1	dna
824	ABRAXAS1	rna
825	ABRAXAS1	dna
826	MTNR1A	rna
827	MTNR1A	dna
828	IFNAR1	rna
829	IFNAR1	dna
830	DAGLB	rna
831	DAGLB	dna
832	ERCC3	rna
833	ERCC3	dna
834	TK1	rna
835	TK1	dna
836	GNG11	rna
837	GNG11	dna
838	FADS2	rna
839	FADS2	dna
840	STAT5A	rna
841	STAT5A	dna
842	CPSF4	rna
843	CPSF4	dna
844	SLK	rna
845	SLK	dna
846	POLE2	rna
847	POLE2	dna
848	SMARCB1	rna
849	SMARCB1	dna
850	LCAT	rna
851	LCAT	dna
852	LCK	rna
853	LCK	dna
854	ACSL4	rna
855	ACSL4	dna
856	RPL7A	rna
857	RPL7A	dna
858	YAP1	rna
859	YAP1	dna
860	CAPN1	rna
861	CAPN1	dna
862	RPL23	rna
863	RPL23	dna
864	NCOR1	rna
865	NCOR1	dna
866	IL10RA	rna
867	IL10RA	dna
868	PRKN	rna
869	PRKN	dna
870	RPL18A	rna
871	RPL18A	dna
872	H2AX	rna
873	H2AX	dna
874	IFNA8	rna
875	IFNA8	dna
876	FBXW7	rna
877	FBXW7	dna
878	RPL11	rna
879	RPL11	dna
880	PCNA	rna
881	PCNA	dna
882	CAV1	rna
883	CAV1	dna
884	CCL7	rna
885	CCL7	dna
886	ATXN1	rna
887	ATXN1	dna
888	PSMC3	rna
889	PSMC3	dna
890	SIRT7	rna
891	SIRT7	dna
892	NUP58	rna
893	NUP58	dna
894	ZBTB16	rna
895	ZBTB16	dna
896	NDUFB9	rna
897	NDUFB9	dna
898	ARHGEF6	rna
899	ARHGEF6	dna
900	PDHA1	rna
901	PDHA1	dna
902	PRNP	rna
903	PRNP	dna
904	PSMF1	rna
905	PSMF1	dna
906	TRAF6	rna
907	TRAF6	dna
908	UBE2A	rna
909	UBE2A	dna
910	RALBP1	rna
911	RALBP1	dna
912	FGB	rna
913	FGB	dna
914	KEAP1	rna
915	KEAP1	dna
916	GSK3A	rna
917	GSK3A	dna
918	PPP3CA	rna
919	PPP3CA	dna
920	CASP1	rna
921	CASP1	dna
922	NUP205	rna
923	NUP205	dna
924	PIK3R2	rna
925	PIK3R2	dna
926	NFKBIE	rna
927	NFKBIE	dna
928	EIF5	rna
929	EIF5	dna
930	ERP29	rna
931	ERP29	dna
932	CYLD	rna
933	CYLD	dna
934	NCK1	rna
935	NCK1	dna
936	COL4A2	rna
937	COL4A2	dna
938	NEDD4	rna
939	NEDD4	dna
940	ELAVL1	rna
941	ELAVL1	dna
942	TTN	rna
943	TTN	dna
944	EIF3G	rna
945	EIF3G	dna
946	MIR107	rna
947	MIR107	dna
948	POLR2A	rna
949	POLR2A	dna
950	CUL5	rna
951	CUL5	dna
952	TADA3	rna
953	TADA3	dna
954	OGT	rna
955	OGT	dna
956	DOCK8	rna
957	DOCK8	dna
958	LMNA	rna
959	LMNA	dna
960	ARHGAP10	rna
961	ARHGAP10	dna
962	GIT2	rna
963	GIT2	dna
964	TJP2	rna
965	TJP2	dna
966	CASP7	rna
967	CASP7	dna
968	SNRPD3	rna
969	SNRPD3	dna
970	IST1	rna
971	IST1	dna
972	DET1	rna
973	DET1	dna
974	MAPK14	rna
975	MAPK14	dna
976	ABAT	rna
977	ABAT	dna
978	MCM3	rna
979	MCM3	dna
980	AK1	rna
981	AK1	dna
982	DDX20	rna
983	DDX20	dna
984	PC	rna
985	PC	dna
986	MIRLET7I	rna
987	MIRLET7I	dna
988	PCGF2	rna
989	PCGF2	dna
990	RAD21	rna
991	RAD21	dna
992	GNB3	rna
993	GNB3	dna
994	DGCR8	rna
995	DGCR8	dna
996	FBXO6	rna
997	FBXO6	dna
998	NF2	rna
999	NF2	dna
1000	BCAP31	rna
1001	BCAP31	dna
1002	ZNF324B	rna
1003	ZNF324B	dna
1004	TCOF1	rna
1005	TCOF1	dna
1006	PSMC4	rna
1007	PSMC4	dna
1008	MIR25	rna
1009	MIR25	dna
1010	GALK1	rna
1011	GALK1	dna
1012	RPA2	rna
1013	RPA2	dna
1014	GDF5	rna
1015	GDF5	dna
1016	RAD23A	rna
1017	RAD23A	dna
1018	SRSF3	rna
1019	SRSF3	dna
1020	ARHGEF7	rna
1021	ARHGEF7	dna
1022	ATP5MF	rna
1023	ATP5MF	dna
1024	MPHOSPH8	rna
1025	MPHOSPH8	dna
1026	CLK1	rna
1027	CLK1	dna
1028	CD247	rna
1029	CD247	dna
1030	GTPBP4	rna
1031	GTPBP4	dna
1032	MIR222	rna
1033	MIR222	dna
1034	NFATC2	rna
1035	NFATC2	dna
1036	ESR1	rna
1037	ESR1	dna
1038	CHMP2A	rna
1039	CHMP2A	dna
1040	RXRA	rna
1041	RXRA	dna
1042	YWHAH	rna
1043	YWHAH	dna
1044	IGF2R	rna
1045	IGF2R	dna
1046	SOS1	rna
1047	SOS1	dna
1048	LAPTM5	rna
1049	LAPTM5	dna
1050	MCM8	rna
1051	MCM8	dna
1052	HACD1	rna
1053	HACD1	dna
1054	HNRNPUL1	rna
1055	HNRNPUL1	dna
1056	GNB1	rna
1057	GNB1	dna
1058	SMN1	rna
1059	SMN1	dna
1060	DNMT1	rna
1061	DNMT1	dna
1062	SUMO3	rna
1063	SUMO3	dna
1064	ZYX	rna
1065	ZYX	dna
1066	WDR82	rna
1067	WDR82	dna
1068	ATP1B3	rna
1069	ATP1B3	dna
1070	MT-ND2	rna
1071	MT-ND2	dna
1072	ZNF431	rna
1073	ZNF431	dna
1074	USP14	rna
1075	USP14	dna
1076	TNFRSF21	rna
1077	TNFRSF21	dna
1078	PLOD1	rna
1079	PLOD1	dna
1080	AMOTL2	rna
1081	AMOTL2	dna
1082	GPX4	rna
1083	GPX4	dna
1084	IFNGR1	rna
1085	IFNGR1	dna
1086	JAK2	rna
1087	JAK2	dna
1088	TRA2B	rna
1089	TRA2B	dna
1090	PRDX6	rna
1091	PRDX6	dna
1092	DUSP3	rna
1093	DUSP3	dna
1094	EIF4A1	rna
1095	EIF4A1	dna
1096	NCOA1	rna
1097	NCOA1	dna
1098	TWISTNB	rna
1099	TWISTNB	dna
1100	CD81	rna
1101	CD81	dna
1102	PIK3C3	rna
1103	PIK3C3	dna
1104	GSTM2	rna
1105	GSTM2	dna
1106	EZH2	rna
1107	EZH2	dna
1108	SEC22B	rna
1109	SEC22B	dna
1110	AKR1C2	rna
1111	AKR1C2	dna
1112	CDC42	rna
1113	CDC42	dna
1114	RPIA	rna
1115	RPIA	dna
1116	CDC25B	rna
1117	CDC25B	dna
1118	SNRPG	rna
1119	SNRPG	dna
1120	STAT5B	rna
1121	STAT5B	dna
1122	NSF	rna
1123	NSF	dna
1124	RAB4A	rna
1125	RAB4A	dna
1126	CRY1	rna
1127	CRY1	dna
1128	LSM3	rna
1129	LSM3	dna
1130	MIR15A	rna
1131	MIR15A	dna
1132	H2BC13	rna
1133	H2BC13	dna
1134	BLM	rna
1135	BLM	dna
1136	RBL2	rna
1137	RBL2	dna
1138	AP2M1	rna
1139	AP2M1	dna
1140	S100B	rna
1141	S100B	dna
1142	EPHB3	rna
1143	EPHB3	dna
1144	CUL4B	rna
1145	CUL4B	dna
1146	PDCD4	rna
1147	PDCD4	dna
1148	CASP3	rna
1149	CASP3	dna
1150	BLNK	rna
1151	BLNK	dna
1152	ISG15	rna
1153	ISG15	dna
1154	PML	rna
1155	PML	dna
1156	GNS	rna
1157	GNS	dna
1158	COASY	rna
1159	COASY	dna
1160	CDK6	rna
1161	CDK6	dna
1162	NXF1	rna
1163	NXF1	dna
1164	GTF2I	rna
1165	GTF2I	dna
1166	ABL1	rna
1167	ABL1	dna
1168	CHEK1	rna
1169	CHEK1	dna
1170	IL1B	rna
1171	IL1B	dna
1172	GMPPB	rna
1173	GMPPB	dna
1174	RPA3	rna
1175	RPA3	dna
1176	AXIN1	rna
1177	AXIN1	dna
1178	FOXO3	rna
1179	FOXO3	dna
1180	BAG1	rna
1181	BAG1	dna
1182	SMG7	rna
1183	SMG7	dna
1184	H4C6	rna
1185	H4C6	dna
1186	ASAH1	rna
1187	ASAH1	dna
1188	BAD	rna
1189	BAD	dna
1190	GOT1	rna
1191	GOT1	dna
1192	H3-4	rna
1193	H3-4	dna
1194	CLU	rna
1195	CLU	dna
1196	PDE3B	rna
1197	PDE3B	dna
1198	PSMC5	rna
1199	PSMC5	dna
1200	PDGFRB	rna
1201	PDGFRB	dna
1202	JAM3	rna
1203	JAM3	dna
1204	MCM5	rna
1205	MCM5	dna
1206	U2SURP	rna
1207	U2SURP	dna
1208	NDRG1	rna
1209	NDRG1	dna
1210	AQP2	rna
1211	AQP2	dna
1212	NR1H4	rna
1213	NR1H4	dna
1214	DCLRE1C	rna
1215	DCLRE1C	dna
1216	PPP1CA	rna
1217	PPP1CA	dna
1218	CEP97	rna
1219	CEP97	dna
1220	TNFRSF1A	rna
1221	TNFRSF1A	dna
1222	SNAP25	rna
1223	SNAP25	dna
1224	GGA1	rna
1225	GGA1	dna
1226	MRPL20	rna
1227	MRPL20	dna
1228	CDK1	rna
1229	CDK1	dna
1230	FLOT2	rna
1231	FLOT2	dna
1232	PSMB9	rna
1233	PSMB9	dna
1234	NR3C1	rna
1235	NR3C1	dna
1236	MATR3	rna
1237	MATR3	dna
1238	NDUFB10	rna
1239	NDUFB10	dna
1240	PLAU	rna
1241	PLAU	dna
1242	DLG4	rna
1243	DLG4	dna
1244	HEATR1	rna
1245	HEATR1	dna
1246	SSR1	rna
1247	SSR1	dna
1248	KRT10	rna
1249	KRT10	dna
1250	PPID	rna
1251	PPID	dna
1252	GGH	rna
1253	GGH	dna
1254	FANCL	rna
1255	FANCL	dna
1256	BARD1	rna
1257	BARD1	dna
1258	TUBG1	rna
1259	TUBG1	dna
1260	RACK1	rna
1261	RACK1	dna
1262	PHLPP1	rna
1263	PHLPP1	dna
1264	PSMD4	rna
1265	PSMD4	dna
1266	GPD1	rna
1267	GPD1	dna
1268	VCAM1	rna
1269	VCAM1	dna
1270	POLD4	rna
1271	POLD4	dna
1272	XRCC6	rna
1273	XRCC6	dna
1274	CCL2	rna
1275	CCL2	dna
1276	IKBKB	rna
1277	IKBKB	dna
1278	RXRG	rna
1279	RXRG	dna
1280	AARS1	rna
1281	AARS1	dna
1282	PKM	rna
1283	PKM	dna
1284	S100A9	rna
1285	S100A9	dna
1286	TUBB3	rna
1287	TUBB3	dna
1288	HIF1A	rna
1289	HIF1A	dna
1290	TUBA1C	rna
1291	TUBA1C	dna
1292	TRPM7	rna
1293	TRPM7	dna
1294	BTRC	rna
1295	BTRC	dna
1296	CD38	rna
1297	CD38	dna
1298	B2M	rna
1299	B2M	dna
1300	GK	rna
1301	GK	dna
1302	YWHAB	rna
1303	YWHAB	dna
1304	RPL37A	rna
1305	RPL37A	dna
1306	MAPK8IP2	rna
1307	MAPK8IP2	dna
1308	TAF15	rna
1309	TAF15	dna
1310	GRIN2B	rna
1311	GRIN2B	dna
1312	NDUFA4	rna
1313	NDUFA4	dna
1314	CASP8	rna
1315	CASP8	dna
1316	PRKAR2B	rna
1317	PRKAR2B	dna
1318	CAMKK2	rna
1319	CAMKK2	dna
1320	EXOC2	rna
1321	EXOC2	dna
1322	RPS3A	rna
1323	RPS3A	dna
1324	BUD31	rna
1325	BUD31	dna
1326	CTLA4	rna
1327	CTLA4	dna
1328	NUP42	rna
1329	NUP42	dna
1330	CCR4	rna
1331	CCR4	dna
1332	IARS2	rna
1333	IARS2	dna
1334	LRP2	rna
1335	LRP2	dna
1336	EIF4E	rna
1337	EIF4E	dna
1338	PWP2	rna
1339	PWP2	dna
1340	CREB1	rna
1341	CREB1	dna
1342	XRCC5	rna
1343	XRCC5	dna
1344	ATG101	rna
1345	ATG101	dna
1346	CDKN1A	rna
1347	CDKN1A	dna
1348	ARPC4	rna
1349	ARPC4	dna
1350	DAXX	rna
1351	DAXX	dna
1352	LIFR	rna
1353	LIFR	dna
1354	DNA2	rna
1355	DNA2	dna
1356	KIT	rna
1357	KIT	dna
1358	FANCG	rna
1359	FANCG	dna
1360	THOC7	rna
1361	THOC7	dna
1362	SART1	rna
1363	SART1	dna
1364	SLC9A3R1	rna
1365	SLC9A3R1	dna
1366	SIPA1L1	rna
1367	SIPA1L1	dna
1368	POLR2I	rna
1369	POLR2I	dna
1370	VAMP3	rna
1371	VAMP3	dna
1372	ENO1	rna
1373	ENO1	dna
1374	PPP1R12C	rna
1375	PPP1R12C	dna
1376	PDCL	rna
1377	PDCL	dna
1378	LPAR6	rna
1379	LPAR6	dna
1380	BACE1	rna
1381	BACE1	dna
1382	VRK3	rna
1383	VRK3	dna
1384	CSNK2B	rna
1385	CSNK2B	dna
1386	TGFBR3	rna
1387	TGFBR3	dna
1388	NADK	rna
1389	NADK	dna
1390	REV1	rna
1391	REV1	dna
1392	SORL1	rna
1393	SORL1	dna
1394	UBE2T	rna
1395	UBE2T	dna
1396	SAMHD1	rna
1397	SAMHD1	dna
1398	PTGER4	rna
1399	PTGER4	dna
1400	CUL7	rna
1401	CUL7	dna
1402	MAFB	rna
1403	MAFB	dna
1404	BRCA1	rna
1405	BRCA1	dna
1406	EFNB2	rna
1407	EFNB2	dna
1408	RANBP1	rna
1409	RANBP1	dna
1410	PSMD1	rna
1411	PSMD1	dna
1412	YME1L1	rna
1413	YME1L1	dna
1414	ASIC4	rna
1415	ASIC4	dna
1416	PSMA1	rna
1417	PSMA1	dna
1418	OS9	rna
1419	OS9	dna
1420	MAP3K14	rna
1421	MAP3K14	dna
1422	EPN3	rna
1423	EPN3	dna
1424	NQO1	rna
1425	NQO1	dna
1426	ECH1	rna
1427	ECH1	dna
1428	SCLY	rna
1429	SCLY	dna
1430	MIR10B	rna
1431	MIR10B	dna
1432	GNAI3	rna
1433	GNAI3	dna
1434	MCM2	rna
1435	MCM2	dna
1436	COLGALT2	rna
1437	COLGALT2	dna
1438	SLC9A1	rna
1439	SLC9A1	dna
1440	PDHB	rna
1441	PDHB	dna
1442	PEX1	rna
1443	PEX1	dna
1444	CA4	rna
1445	CA4	dna
1446	PPM1B	rna
1447	PPM1B	dna
1448	ABCD1	rna
1449	ABCD1	dna
1450	ARRB1	rna
1451	ARRB1	dna
1452	PRPF19	rna
1453	PRPF19	dna
1454	LAMP1	rna
1455	LAMP1	dna
1456	GBP1	rna
1457	GBP1	dna
1458	SF3A1	rna
1459	SF3A1	dna
1460	TAB1	rna
1461	TAB1	dna
1462	VCP	rna
1463	VCP	dna
1464	RPL6	rna
1465	RPL6	dna
1466	SYCP3	rna
1467	SYCP3	dna
1468	MYH11	rna
1469	MYH11	dna
1470	DDIT3	rna
1471	DDIT3	dna
1472	GSK3B	rna
1473	GSK3B	dna
1474	PHF1	rna
1475	PHF1	dna
1476	STX3	rna
1477	STX3	dna
1478	HADHB	rna
1479	HADHB	dna
1480	TP53	rna
1481	TP53	dna
1482	REL	rna
1483	REL	dna
1484	MIRLET7E	rna
1485	MIRLET7E	dna
1486	MED17	rna
1487	MED17	dna
1488	MAPK1	rna
1489	MAPK1	dna
1490	PSMB2	rna
1491	PSMB2	dna
1492	CERS6	rna
1493	CERS6	dna
1494	GNL3	rna
1495	GNL3	dna
1496	MAPK8IP3	rna
1497	MAPK8IP3	dna
1498	FHIT	rna
1499	FHIT	dna
1500	EWSR1	rna
1501	EWSR1	dna
1502	SMARCAD1	rna
1503	SMARCAD1	dna
1504	MIR15B	rna
1505	MIR15B	dna
1506	SPTBN4	rna
1507	SPTBN4	dna
1508	SYVN1	rna
1509	SYVN1	dna
1510	APOA1	rna
1511	APOA1	dna
1512	GPC4	rna
1513	GPC4	dna
1514	EDA2R	rna
1515	EDA2R	dna
1516	BRD4	rna
1517	BRD4	dna
1518	PTGS2	rna
1519	PTGS2	dna
1520	C1QB	rna
1521	C1QB	dna
1522	RAB35	rna
1523	RAB35	dna
1524	HGS	rna
1525	HGS	dna
1526	SNW1	rna
1527	SNW1	dna
1528	CUL3	rna
1529	CUL3	dna
1530	CTNNB1	rna
1531	CTNNB1	dna
1532	PEX19	rna
1533	PEX19	dna
1534	HDAC2	rna
1535	HDAC2	dna
1536	SLC9A6	rna
1537	SLC9A6	dna
1538	MAF	rna
1539	MAF	dna
1540	FRS2	rna
1541	FRS2	dna
1542	HNF4G	rna
1543	HNF4G	dna
1544	HUWE1	rna
1545	HUWE1	dna
1546	MIR199A1	rna
1547	MIR199A1	dna
1548	HSPA5	rna
1549	HSPA5	dna
1550	CCR3	rna
1551	CCR3	dna
1552	EP300	rna
1553	EP300	dna
1554	PPP1R15A	rna
1555	PPP1R15A	dna
1556	DAPK1	rna
1557	DAPK1	dna
1558	PDIA3	rna
1559	PDIA3	dna
1560	SLC15A1	rna
1561	SLC15A1	dna
1562	PPIF	rna
1563	PPIF	dna
1564	REXO2	rna
1565	REXO2	dna
1566	EDAR	rna
1567	EDAR	dna
1568	ATP6V1B1	rna
1569	ATP6V1B1	dna
1570	VDAC3	rna
1571	VDAC3	dna
1572	PAFAH1B1	rna
1573	PAFAH1B1	dna
1574	KSR1	rna
1575	KSR1	dna
1576	RFC5	rna
1577	RFC5	dna
1578	CUL4A	rna
1579	CUL4A	dna
1580	PTPN1	rna
1581	PTPN1	dna
1582	ITGA4	rna
1583	ITGA4	dna
1584	OSM	rna
1585	OSM	dna
1586	BECN1	rna
1587	BECN1	dna
1588	CDC25C	rna
1589	CDC25C	dna
1590	MRPL10	rna
1591	MRPL10	dna
1592	MIR9-2	rna
1593	MIR9-2	dna
1594	UBE4B	rna
1595	UBE4B	dna
1596	RFC4	rna
1597	RFC4	dna
1598	TBXA2R	rna
1599	TBXA2R	dna
1600	DAAM2	rna
1601	DAAM2	dna
1602	DGUOK	rna
1603	DGUOK	dna
1604	PIAS2	rna
1605	PIAS2	dna
1606	MRPL23	rna
1607	MRPL23	dna
1608	RXYLT1	rna
1609	RXYLT1	dna
1610	IL12B	rna
1611	IL12B	dna
1612	CPSF2	rna
1613	CPSF2	dna
1614	DDIT4	rna
1615	DDIT4	dna
1616	COX5A	rna
1617	COX5A	dna
1618	RFC1	rna
1619	RFC1	dna
1620	BIN1	rna
1621	BIN1	dna
1622	ATP1B1	rna
1623	ATP1B1	dna
1624	PAN2	rna
1625	PAN2	dna
1626	ATP13A2	rna
1627	ATP13A2	dna
1628	GLI1	rna
1629	GLI1	dna
1630	COX17	rna
1631	COX17	dna
1632	TPSB2	rna
1633	TPSB2	dna
1634	HNRNPA1	rna
1635	HNRNPA1	dna
1636	SYMPK	rna
1637	SYMPK	dna
1638	PYCARD	rna
1639	PYCARD	dna
1640	GRK2	rna
1641	GRK2	dna
1642	THBS3	rna
1643	THBS3	dna
1644	MRPL2	rna
1645	MRPL2	dna
1646	SIRT2	rna
1647	SIRT2	dna
1648	TAF12	rna
1649	TAF12	dna
1650	FXYD1	rna
1651	FXYD1	dna
1652	SERPINB13	rna
1653	SERPINB13	dna
1654	FOXM1	rna
1655	FOXM1	dna
1656	MTOR	rna
1657	MTOR	dna
1658	HSP90AA1	rna
1659	HSP90AA1	dna
1660	RAF1	rna
1661	RAF1	dna
1662	DDX42	rna
1663	DDX42	dna
1664	CDC37	rna
1665	CDC37	dna
1666	NFYC	rna
1667	NFYC	dna
1668	RPTOR	rna
1669	RPTOR	dna
1670	HERC2	rna
1671	HERC2	dna
1672	HSPA8	rna
1673	HSPA8	dna
1674	IFI16	rna
1675	IFI16	dna
1676	NXF2	rna
1677	NXF2	dna
1678	FUT1	rna
1679	FUT1	dna
1680	PARK7	rna
1681	PARK7	dna
1682	PSMA4	rna
1683	PSMA4	dna
1684	ATF2	rna
1685	ATF2	dna
1686	ACTR2	rna
1687	ACTR2	dna
1688	PSMD11	rna
1689	PSMD11	dna
1690	RPA1	rna
1691	RPA1	dna
1692	MDM2	rna
1693	MDM2	dna
1694	GTSE1	rna
1695	GTSE1	dna
1696	MECP2	rna
1697	MECP2	dna
1698	CREBBP	rna
1699	CREBBP	dna
1700	PTPN11	rna
1701	PTPN11	dna
1702	PAFAH1B3	rna
1703	PAFAH1B3	dna
1704	PAICS	rna
1705	PAICS	dna
1706	NCL	rna
1707	NCL	dna
1708	DNAJB6	rna
1709	DNAJB6	dna
1710	SMC3	rna
1711	SMC3	dna
1712	THOC2	rna
1713	THOC2	dna
1714	EMD	rna
1715	EMD	dna
1716	RPL7	rna
1717	RPL7	dna
1718	RAG1	rna
1719	RAG1	dna
1720	BIRC6	rna
1721	BIRC6	dna
1722	MED4	rna
1723	MED4	dna
1724	RHOC	rna
1725	RHOC	dna
1726	FN1	rna
1727	FN1	dna
1728	KMT2E	rna
1729	KMT2E	dna
1730	EPOR	rna
1731	EPOR	dna
1732	FARS2	rna
1733	FARS2	dna
1734	MIR7-2	rna
1735	MIR7-2	dna
1736	MAP3K12	rna
1737	MAP3K12	dna
1738	RPL10	rna
1739	RPL10	dna
1740	ATXN1L	rna
1741	ATXN1L	dna
1742	NRP1	rna
1743	NRP1	dna
1744	SH3GLB1	rna
1745	SH3GLB1	dna
1746	SYNPO	rna
1747	SYNPO	dna
1748	UNG	rna
1749	UNG	dna
1750	ACKR3	rna
1751	ACKR3	dna
1752	FOXO1	rna
1753	FOXO1	dna
1754	BRCC3	rna
1755	BRCC3	dna
1756	SFN	rna
1757	SFN	dna
1758	LYPLA2	rna
1759	LYPLA2	dna
1760	COX4I1	rna
1761	COX4I1	dna
1762	HOGA1	rna
1763	HOGA1	dna
1764	RPL5	rna
1765	RPL5	dna
1766	MUS81	rna
1767	MUS81	dna
1768	MPV17	rna
1769	MPV17	dna
1770	TAF3	rna
1771	TAF3	dna
1772	PRKAR1A	rna
1773	PRKAR1A	dna
1774	BAX	rna
1775	BAX	dna
1776	ESPL1	rna
1777	ESPL1	dna
1778	NUP98	rna
1779	NUP98	dna
1780	CPSF1	rna
1781	CPSF1	dna
1782	MIRLET7G	rna
1783	MIRLET7G	dna
1784	CEP164	rna
1785	CEP164	dna
1786	RPL13	rna
1787	RPL13	dna
1788	ACO2	rna
1789	ACO2	dna
1790	PAIP1	rna
1791	PAIP1	dna
1792	MRPL4	rna
1793	MRPL4	dna
1794	CAPN2	rna
1795	CAPN2	dna
1796	MVD	rna
1797	MVD	dna
1798	PSMB1	rna
1799	PSMB1	dna
1800	CAPZB	rna
1801	CAPZB	dna
1802	FES	rna
1803	FES	dna
1804	SCP2	rna
1805	SCP2	dna
1806	TAB2	rna
1807	TAB2	dna
1808	IDH1	rna
1809	IDH1	dna
1810	CD44	rna
1811	CD44	dna
1812	SH3BP2	rna
1813	SH3BP2	dna
1814	REXO1	rna
1815	REXO1	dna
1816	SPTA1	rna
1817	SPTA1	dna
1818	GNG5	rna
1819	GNG5	dna
1820	ANAPC4	rna
1821	ANAPC4	dna
1822	SMARCE1	rna
1823	SMARCE1	dna
1824	IL23A	rna
1825	IL23A	dna
1826	RPS6KA2	rna
1827	RPS6KA2	dna
1828	PLK1	rna
1829	PLK1	dna
1830	IKBKG	rna
1831	IKBKG	dna
1832	CSNK2A1	rna
1833	CSNK2A1	dna
1834	DCAF1	rna
1835	DCAF1	dna
1836	IPPK	rna
1837	IPPK	dna
1838	SKAP1	rna
1839	SKAP1	dna
1840	STX8	rna
1841	STX8	dna
1842	MANBA	rna
1843	MANBA	dna
1844	PSME3	rna
1845	PSME3	dna
1846	TP63	rna
1847	TP63	dna
1848	MYLK2	rna
1849	MYLK2	dna
1850	ARHGEF1	rna
1851	ARHGEF1	dna
1852	EIF3F	rna
1853	EIF3F	dna
1854	FBXL2	rna
1855	FBXL2	dna
1856	SMAD4	rna
1857	SMAD4	dna
1858	PPP1R12A	rna
1859	PPP1R12A	dna
1860	GZMA	rna
1861	GZMA	dna
1862	NR3C2	rna
1863	NR3C2	dna
